Datetime,Water Level (m)
2025-05-16 00:00:00,-0.87183875
2025-05-16 01:00:00,-0.73225844
2025-05-16 02:00:00,-0.37224853
2025-05-16 03:00:00,0.049789242
2025-05-16 04:00:00,0.5076027
2025-05-16 05:00:00,0.9081057
2025-05-16 06:00:00,1.1075296
2025-05-16 07:00:00,1.0283957
2025-05-16 08:00:00,0.685029
2025-05-16 09:00:00,0.28410864
2025-05-16 10:00:00,-0.10080589
2025-05-16 11:00:00,-0.41893196
2025-05-16 12:00:00,-0.60842973
2025-05-16 13:00:00,-0.6085706
2025-05-16 14:00:00,-0.37016395
2025-05-16 15:00:00,-0.049333654
2025-05-16 16:00:00,0.2614902
2025-05-16 17:00:00,0.5343549
2025-05-16 18:00:00,0.67511207
2025-05-16 19:00:00,0.603461
2025-05-16 20:00:00,0.3520586
2025-05-16 21:00:00,0.028747153
2025-05-16 22:00:00,-0.30622253
2025-05-16 23:00:00,-0.5894109
2025-05-17 00:00:00,-0.7827755
2025-05-17 01:00:00,-0.80927896
2025-05-17 02:00:00,-0.5516074
2025-05-17 03:00:00,-0.15182447
2025-05-17 04:00:00,0.26740924
2025-05-17 05:00:00,0.6856268
2025-05-17 06:00:00,0.9764998
2025-05-17 07:00:00,1.0567213
2025-05-17 08:00:00,0.8737266
2025-05-17 09:00:00,0.53423756
2025-05-17 10:00:00,0.18099324
2025-05-17 11:00:00,-0.14830704
2025-05-17 12:00:00,-0.3958785
2025-05-17 13:00:00,-0.5282339
2025-05-17 14:00:00,-0.49099988
2025-05-17 15:00:00,-0.2502762
2025-05-17 16:00:00,0.059800684
2025-05-17 17:00:00,0.37692663
2025-05-17 18:00:00,0.62202597
2025-05-17 19:00:00,0.6933284
2025-05-17 20:00:00,0.5510247
2025-05-17 21:00:00,0.2806548
2025-05-17 22:00:00,-0.024346212
2025-05-17 23:00:00,-0.30804726
2025-05-18 00:00:00,-0.53606284
2025-05-18 01:00:00,-0.6543235
2025-05-18 02:00:00,-0.59584373
2025-05-18 03:00:00,-0.31143397
2025-05-18 04:00:00,0.045761425
2025-05-18 05:00:00,0.42238238
2025-05-18 06:00:00,0.76558626
2025-05-18 07:00:00,0.98350936
2025-05-18 08:00:00,0.999506
2025-05-18 09:00:00,0.7822245
2025-05-18 10:00:00,0.4641947
2025-05-18 11:00:00,0.1386023
2025-05-18 12:00:00,-0.16111544
2025-05-18 13:00:00,-0.37048316
2025-05-18 14:00:00,-0.46258983
2025-05-18 15:00:00,-0.39472124
2025-05-18 16:00:00,-0.17466632
2025-05-18 17:00:00,0.08788824
2025-05-18 18:00:00,0.3357053
2025-05-18 19:00:00,0.5183907
2025-05-18 20:00:00,0.55107045
2025-05-18 21:00:00,0.41891629
2025-05-18 22:00:00,0.22181362
2025-05-18 23:00:00,-0.0025193535
2025-05-19 00:00:00,-0.2345168
2025-05-19 01:00:00,-0.43110448
2025-05-19 02:00:00,-0.54087245
2025-05-19 03:00:00,-0.47929686
2025-05-19 04:00:00,-0.21221937
2025-05-19 05:00:00,0.11838402
2025-05-19 06:00:00,0.45547006
2025-05-19 07:00:00,0.76592404
2025-05-19 08:00:00,0.95840824
2025-05-19 09:00:00,0.955152
2025-05-19 10:00:00,0.7517238
2025-05-19 11:00:00,0.46309564
2025-05-19 12:00:00,0.15627523
2025-05-19 13:00:00,-0.12961294
2025-05-19 14:00:00,-0.33958933
2025-05-19 15:00:00,-0.43764776
2025-05-19 16:00:00,-0.37957758
2025-05-19 17:00:00,-0.17383116
2025-05-19 18:00:00,0.100679
2025-05-19 19:00:00,0.351954
2025-05-19 20:00:00,0.5417118
2025-05-19 21:00:00,0.6087935
2025-05-19 22:00:00,0.5346058
2025-05-19 23:00:00,0.35822052
2025-05-20 00:00:00,0.12601869
2025-05-20 01:00:00,-0.11125434
2025-05-20 02:00:00,-0.31215176
2025-05-20 03:00:00,-0.4339206
2025-05-20 04:00:00,-0.39952958
2025-05-20 05:00:00,-0.16199225
2025-05-20 06:00:00,0.14864925
2025-05-20 07:00:00,0.46806434
2025-05-20 08:00:00,0.7692343
2025-05-20 09:00:00,0.9510211
2025-05-20 10:00:00,0.9476152
2025-05-20 11:00:00,0.7620201
2025-05-20 12:00:00,0.49745703
2025-05-20 13:00:00,0.20541044
2025-05-20 14:00:00,-0.08095279
2025-05-20 15:00:00,-0.30275297
2025-05-20 16:00:00,-0.42380083
2025-05-20 17:00:00,-0.40186256
2025-05-20 18:00:00,-0.22001137
2025-05-20 19:00:00,0.052266207
2025-05-20 20:00:00,0.32648903
2025-05-20 21:00:00,0.5599438
2025-05-20 22:00:00,0.69532216
2025-05-20 23:00:00,0.68426025
2025-05-21 00:00:00,0.5262013
2025-05-21 01:00:00,0.2896703
2025-05-21 02:00:00,0.028219927
2025-05-21 03:00:00,-0.21105689
2025-05-21 04:00:00,-0.37012652
2025-05-21 05:00:00,-0.37557796
2025-05-21 06:00:00,-0.18147472
2025-05-21 07:00:00,0.122506715
2025-05-21 08:00:00,0.4499405
2025-05-21 09:00:00,0.75681174
2025-05-21 10:00:00,0.95782053
2025-05-21 11:00:00,0.98211473
2025-05-21 12:00:00,0.8138274
2025-05-21 13:00:00,0.5417454
2025-05-21 14:00:00,0.23417154
2025-05-21 15:00:00,-0.08696939
2025-05-21 16:00:00,-0.35643342
2025-05-21 17:00:00,-0.5256695
2025-05-21 18:00:00,-0.5582003
2025-05-21 19:00:00,-0.37953934
2025-05-21 20:00:00,-0.05772666
2025-05-21 21:00:00,0.29865563
2025-05-21 22:00:00,0.6098803
2025-05-21 23:00:00,0.8228438
2025-05-22 00:00:00,0.85824627
